{"sigma": 3.7112412621703967, "epsilon": 0.005270791268325109}